contrast,estimate,SE,df,t.ratio,p.value
(anti-alcohol) - (non-alcoholic),-0.05916015690666761,0.09479174485657803,86.13066523943513,-0.6241066349836498,0.8073194994356379
(anti-alcohol) - (pro-alcohol),-1.5113105087207288,0.10507082884017259,148.64481000362264,-14.383730721489247,2.1871393585115584e-14
(non-alcoholic) - (pro-alcohol),-1.4521503518140613,0.09537149762870764,87.52169979927028,-15.226250902208246,3.340355769765324e-10
