contrast,estimate,SE,df,t.ratio,p.value
(peer-produced) - professional,-0.14123568508690404,0.08038641554613854,105.04732585640936,-1.7569596072590212,0.08183837696577188
