contrast,estimate,SE,df,t.ratio,p.value
(peer-produced) - professional,-0.14123568508712453,0.0803864155416119,105.0473258599885,-1.7569596073607003,0.08183837694824671
