contrast,estimate,SE,df,z.ratio,p.value
(peer-produced) - professional,2.7502454662223577e-4,0.04159291657057867,Inf,0.006612292892602252,0.9947241920346938
