contrast,estimate,SE,df,t.ratio,p.value
(anti-alcohol) - (non-alcoholic),-0.05916015690619141,0.09479174485063813,86.13066524059143,-0.6241066350177343,0.8073194994168263
(anti-alcohol) - (pro-alcohol),-1.5113105087190557,0.10507082883529592,148.64481001271727,-14.383730722140918,2.1871393585115584e-14
(non-alcoholic) - (pro-alcohol),-1.4521503518128642,0.09537149762278264,87.52169980048156,-15.226250903141631,3.340355769765324e-10
