val_cond,emmean,SE,df,lower.CL,upper.CL
anti-alcohol,-0.28802105929599525,0.08376897831827558,196.4318691970077,-0.4532230582014735,-0.12281906039051699
non-alcoholic,-0.22886090238932766,0.07275718951780591,87.18197591440716,-0.37346943886526995,-0.08425236591338534
pro-alcohol,1.2232894494247337,0.08442934682183975,199.68338700646433,1.056801932357933,1.3897769664915345
