contrast,estimate,SE,df,z.ratio,p.value
(peer-produced) - professional,-6.025673392592145e-4,0.041504760767853394,Inf,-0.014518029452802433,0.9884166953560812
