contrast,estimate,SE,df,z.ratio,p.value
(peer-produced) - professional,0.008002207311934302,0.0413682392305413,Inf,0.19343843153049745,0.8466156197622292
