contrast,estimate,SE,df,z.ratio,p.value
(peer-produced) - professional,0.008002207311760812,0.04136823923735299,Inf,0.1934384314944521,0.8466156197904562
