contrast,estimate,SE,df,z.ratio,p.value
(anti-alcohol) - (pro-alcohol),-0.7875498714201515,0.05728171856911382,Inf,-13.748712348249914,5.184403626164645e-43
