val_cond,emmean,SE,df,asymp.LCL,asymp.UCL
anti-alcohol,2.1244191981067386,0.05381972899079369,Inf,2.018934467627077,2.2299039285864004
pro-alcohol,2.91196906952689,0.056309941445649166,Inf,2.8016036123218586,3.0223345267319215
