effect,term,Bpositive,p_positive,95% CI_positive,Bnegative,p_negative,95% CI_negative
fixed,Intercept,1.5331907714883708,<.001,[ 1.37; 1.70],5.8819530799310416,<.001,[ 5.71; 6.05]
fixed,Valence: pro-alcohol,3.227300172234002,<.001,[ 3.02; 3.43],-3.964908901342704,<.001,[-4.20;-3.73]
ran_pars,pID Intercept,0.7570310749594159,,,0.4110481686760751,,
ran_pars,sID Intercept,0.6079783664174958,,,0.6991803934130651,,
ran_pars,Residual,1.2188378639893154,,,1.2264782984857365,,
